{
  "address": [
    {
      "country": "India",
      "states": [
        {
          "name": "Andhra Pradesh",
          "cities": [
            "Anantapur",
            "Chittoor",
            "East Godavari",
            "Guntur",
            "Krishna",
            "Kurnool",
            "Prakasam",
            "Sri Potti Sriramulu Nellore",
            "Srikakulam",
            "Vishakhapatnam",
            "Vizianagaram",
            "West Godavari",
            "Y S R"
          ]
        },
        {
          "name": "Arunachal Pradesh",
          "cities": [
            "Mumbai",
            "Pune"
          ]
        },
        {
          "name": "Assam",
          "cities": [
            "Mumbai",
            "Pune"
          ]
        },
        {
          "name": "Bihar",
          "cities": [
            "Mumbai",
            "Pune"
          ]
        },
        {
          "name": "Chhattisgarh",
          "cities": [
            "Mumbai",
            "Pune"
          ]
        },
        {
          "name": "Goa",
          "cities": [
            "Mumbai",
            "Pune"
          ]
        },
        {
          "name": "Gujrat",
          "cities": [
            "Mumbai",
            "Pune"
          ]
        },
        {
          "name": "Haryana",
          "cities": [
            "Mumbai",
            "Pune"
          ]
        },
        {
          "name": "Himachal Pradesh",
          "cities": [
            "Mumbai",
            "Pune"
          ]
        },
        {
          "name": "Jammu & Kashmir",
          "cities": [
            "Mumbai",
            "Pune"
          ]
        },
        {
          "name": "Jharkhand",
          "cities": [
            "Mumbai",
            "Pune"
          ]
        },
        {
          "name": "Karnatka",
          "cities": [
            "Mumbai",
            "Pune"
          ]
        },
        {
          "name": "Kerala",
          "cities": [
            "Mumbai",
            "Pune"
          ]
        },
        {
          "name": "Madhya Pradesh",
          "cities": [
            "Mumbai",
            "Pune"
          ]
        },
        {
          "name": "Maharashtra",
          "cities": [
            "Ahmadnagar",
            "Akola",
            "Amravati",
            "Aurangabad",
            "Bhandara",
            "Beed",
            "Buldhana",
            "Chandrapur",
            "Dhule",
            "Gadchirali",
            "Gondita",
            "Hingoli",
            "Jalgao",
            "Jalna",
            "Kolhapur",
            "Latur",
            "Mumbai",
            "Mumbai Suburban",
            "Nagpur",
            "Nanded",
            "Nandurbar",
            "Nashik",
            "Osmanabad",
            "Parbhani",
            "Pune",
            "Raigarh",
            "Ratnagiri",
            "Sangli",
            "Satara",
            "Sindhudurg",
            "Solapur",
            "Thane",
            "Wardha",
            "Washim",
            "Yavatmal"
          ]
        },
        {
          "name": "Manipur",
          "cities": [
            "Mumbai",
            "Pune"
          ]
        },
        {
          "name": "Meghalaya",
          "cities": [
            "Mumbai",
            "Pune"
          ]
        },
        {
          "name": "Mizoram",
          "cities": [
            "Mumbai",
            "Pune"
          ]
        },
        {
          "name": "Nagaland",
          "cities": [
            "Mumbai",
            "Pune"
          ]
        },
        {
          "name": "Odisha",
          "cities": [
            "Mumbai",
            "Pune"
          ]
        },
        {
          "name": "Punjab",
          "cities": [
            "Mumbai",
            "Pune"
          ]
        },
        {
          "name": "Rajasthan",
          "cities": [
            "Mumbai",
            "Pune"
          ]
        },
        {
          "name": "Sikkim",
          "cities": [
            "Mumbai",
            "Pune"
          ]
        },
        {
          "name": "Tamilnadu",
          "cities": [
            "Mumbai",
            "Pune"
          ]
        },
        {
          "name": "Telangana",
          "cities": [
            "Mumbai",
            "Pune"
          ]
        },
        {
          "name": "Tripura",
          "cities": [
            "Mumbai",
            "Pune"
          ]
        },
        {
          "name": "Uttarakhand",
          "cities": [
            "Mumbai",
            "Pune"
          ]
        },
        {
          "name": "Uttar Pradesh",
          "cities": [
            "Mumbai",
            "Pune"
          ]
        },
        {
          "name": "West Bengal",
          "cities": [
            "Mumbai",
            "Pune"
          ]
        },
        {
          "name": "Andaman and Nicobar Islands",
          "cities": [
            "Andaman and Nicobar Islands"
          ]
        },
        {
          "name": "Chandigarh",
          "cities": [
            "Chandigarh"
          ]
        },
        {
          "name": "Dadar and Nagar Haveli",
          "cities": [
            "Dadar",
            "Nagar Haveli"
          ]
        },
        {
          "name": "Daman and diu",
          "cities": [
            "Daman",
            "Diu"
          ]
        },
        {
          "name": "Delhi",
          "cities": [
            "Delhi"
          ]
        },
        {
          "name": "Lakshadweep",
          "cities": [
            "Lakshadweep"
          ]
        },
        {
          "name": "Puducherry",
          "cities": [
            "Puducherry"
          ]
        }
      ]
    },
    {
      "country": "USA",
      "states": [
        {
          "name": "Alabama",
          "cities": [
            "Mountain Brook",
            "Vestavia Hills"
          ]
        },
        {
          "name": "California",
          "cities": [
            "Losangeles",
            "Hawaii"
          ]
        },
        {
          "name": "Arizona",
          "cities": [
            "Carefree",
            "Scottsdale"
          ]
        },
        {
          "name": "Arkansas",
          "cities": [
            "Bentonville",
            "Lowell"
          ]
        },
        {
          "name": "Colorado",
          "cities": [
            "Columbine Valley",
            "Superior"
          ]
        },
        {
          "name": "Connecticut",
          "cities": [
            "Ridgefield",
            "Old Greenwich"
          ]
        },
        {
          "name": "Florida",
          "cities": [
            "Jupiter Inlet Colony",
            "Tierra Verde"
          ]
        }
      ]
    }
  ]
}
